<?xml version='1.0' encoding='utf-8'?>
<!--
  ~ Hibernate, Relational Persistence for Idiomatic Java
  ~
  ~ License: GNU Lesser General Public License (LGPL), version 2.1 or later.
  ~ See the lgpl.txt file in the root directory or <http://www.gnu.org/licenses/lgpl-2.1.html>.
  -->
<!DOCTYPE hibernate-configuration >
<hibernate-configuration>
    <session-factory>
       
       
       <property name="format_sql">false</property>

        
        <property name="connection.url">jdbc:mysql://localhost:3306/mphasis</property>
        <property name="connection.driver_class">com.mysql.cj.jdbc.Driver</property>
        <property name="connection.username">root</property>
        <property name="connection.password">toor</property>
		
		<!-- JDBC connection pool (use the built-in) -->
        <property name="connection.pool_size">100</property>

        <!-- SQL dialect -->
        <property name="dialect">org.hibernate.dialect.MySQL5Dialect</property>

        <!-- Disable the second-level cache  -->
        <property name="cache.provider_class">org.hibernate.cache.internal.NoCacheProvider</property>

        <!-- Echo all executed SQL to stdout -->
        <property name="show_sql">true</property>

        <!-- Drop and re-create the database schema on startup -->
        <property name="hbm2ddl.auto">update</property>
		<!--  <property name="hbm2ddl.auto">update</property> -->

     

<mapping class="beans.EProduct"></mapping>

       
    </session-factory>
</hibernate-configuration>